{
    "json_details": [
        {
            "id": "tansfer_details",
            "buyer_email": "albertyeong@email.com",
            "importing_from": "Singapore",
            "invoice_amount": "USD 20,000"
        },
        {
            "company": "Tiong Hoe Trading Company Pte Ltd",
            "contact_email": "albertyeong@email.com",
            "contact_person": "Albert Yeon",
            "location": "Singapore",
            "id": "buyer_details"
        },
        {
            "id": "form_date"
        }
    ]
}